Source_id,Sentence_en
1,Eclipse also helps in troubleshooting the program.
2,"We also have the same spirit of faith and will speak, just as it is written: ""I spoke with faith""."
3,Then he will look for his own driver. I will not cancel.
4,"For all iterations, the iterator is set to the index value of each."
5,"When he opened the second seal, I heard a voice saying: ""I am the second living creature""."
6,We found out that objects store their positions in fields.
7,Child: He believes in you.
8,You may be amazed at the beauty of nature.
9,And his affection for you is growing more and more when you remember how you disobeyed him and received him with fear and trembling.
10,"""In the rainy season, if a part of the water falls on the dry ground, God gathers it together and it becomes the dry ground""."
11,They looked at the books.
12,My father came back from the library.
13,Again: Go to the upper limit and click 7 on the 0 to 9 tab.
14,The align and distribute dialog box opens on the right side of the interface.
15,"To set a break point, click on the landing number."
16,We did the same thing here for Borrowed Books.
17,"""Classical times are defined by the Yoga formula of Patangli, the first systematic presentation of yoga""."
18,They were angry.
19,"XAMPP 5.5.19 is available for Apache, MySQL and PHP,"
20,"Here we can give the title of yoga, in our document."
21,The army followed them.
22,1. Cells: What are found in the blood?
23,In the launcher we can combine the shortcut.
24,"""Let the roof be so high that it will be a storehouse for the sheep, and the sheep will not be able to eat."
25,"Modern materials are also used in the manufacture of various types of equipment, such as cutting tools, writing machines, refrigerators, televisions, and vehicles."
26,You may be able to control some insects and other things.
27,Everyone should be on guard.
28,Child: You are showing love.
29,You know that all the people of Asia have deserted me. Among them are Phygellus and Hermogenes.
30,"In this article, I will be reading the headline of the Indian Journal of Microbiology."
31,"Publisher, Collection title,"
32,The second steps were laid on the same level.
33,"I choose Brush short and Gradient short, and I know my best colors."
34,Then we forward to the successUser page.
35,Plants grow by other rules.
36,"Therefore you are no longer foreigners or foreigners, but fellow citizens with the saints and citizens of God."
37,Tribal dances are usually performed in groups and in our festivals we wear special clothes.
38,"In this regard, there is no difference between Jew and Gentile, for there is one Lord over all, who speaks to all and is their ruler."
39,"To address these problems, the garden has lost its planting power."
40,"To play basketball,"
41,The water is very humid and the water is very hot.
42,Then the king of Persia was aroused and went into battle. The three dragons and their followers killed Ram in battle.
43,So we went to the meeting.
44,These are the costs of both methods and constructors.
45,The Pandavas also shouted.
46,"In the compilation, the data is read as fp = fopen, Sample.txt, r;"
47,"For details, please write to contact @spoken-tutorial.org."
48,"For the current Moodle Administrator, you must use the password and follow the password rules shown here."
49,"When the extract is released, I rename FrontAccounting to the correct account."
50,All the Gentiles and the Israelites were present in the assembly.
51,Welcome to Meet the GIMP.
52,Let us declare what is true by using these variables.
53,We find the frequency of jdk.
54,"As we have seen, the Course Category is Mathematics."
55,"Now we're using NetBeans IDE, and we're trying to create some simple Java web projects."
56,"Yes, it is the death of the dragon."
57,We are here.
58,"But for the time being, I'm just filling in the ""Full Name"" with ""duck"" and leaving the other entries blank."
59,Stand or sit in a comfortable position.
60,"As they were walking along, the people spread their clothes on the ground."
61,Write INKSCAPE in the prospectus.
62,Enter the u and enter the u.
63,Let us work through the next loop.
64,I'll see you next week.
65,and clean the place where the stables and the bins are placed.
66,The Bible is a book of the Bible.
67,"If you don't have a good bandwidth, then you can't do that."
68,"And thou shalt make two seams together, and one seam with another, and make a seam for the seams."
69,"The left side of the arm: the right side should be in contact with the spine, and the right side should be in opposition to the spine."
70,Layer was renamed to CD template.
71,He healed many people with various ailments.
72,The enemy is surrounding us.
73,"In the Services window, click RAT on the Databases node."
74,Here is the error.
75,We will stay here.
76,"On the eighth day they came and put the child's skin on the skin. So they called him after his father, Zacharias."
77,So the controller goes to displayMessage.
78,We can now add to this document.
79,Women are not to be dressed for their own good.
80,Why is it necessary to read the Song of Solomon today?
81,"And they did not find any silver, but they did find a gold chandelier."
82,"""Put your knees on the ground, pull your stomach in, and rest on your hips, holding your hips back""."
83,We have also used the RemoveFromCheckout method.
84,The baby will be born with a fever.
85,"Nevertheless, in the Lord man is without woman, and woman is without man."
86,They will learn to make a list of sewing tools and sewing patterns.
87,4. The leaves - usually green - are used to make food.
88,I am not going to let her go out of her womb.
89,We were preparing a report.
90,Hanumantha in the language of Sith: Wisdom.
91,"In this brief reading, we learned about subclasses and methods of over-radiation."
92,"""We have no interest in this man named Demetrius, who has made the silver temple of Artemis a source of income for all the artisans."
93,"The course is designed to teach different types of cooking: and socially applicable foods, nutrients, and health benefits."
94,"Today, we know how to install software using Synaptic Package Manager."
95,These can be single-celled or multicellular.
96,See this Journal Entry link.
97,Who is the spider?
98,She is listening.
99,"However, [abc] is a regular expression, which is a or b or c."
100,"They had water to supply them with, and food to wash, and clothing to wash, and other things."
101,"""None of the rulers of this age has known it; for they would not crucify the Lord without authority""."
102,"We see that we do not wear clothes for food, but for the flesh."
103,He sent them away from the synagogue.
104,"But he replied, ""The man who made me well said to me to go and lay on my bed."
105,The logo should go where it is stored.
106,"And on the seats there were seats of the elders, and of the elders, and of the elders."
107,These are the seats.
108,Krishna is omniscient.
109,The monkey is a fruit-gatherer.
110,Who are you?
111,And the southern part of the southern part of the city shall be in the same order.
112,They are the ones who are motivated by the senses.
113,This was the third time Jesus appeared to his disciples after he had been raised from the dead.
114,In this house there are many rooms.
115,We have a service tax system. Before that we had to create a GL account in service tax.
116,In the old library we read some of the books about Mark.
117,"Now, enter. To execute, tap the dot slash if1 and enter."
118,We know about input/output functions as well as time-stamp functions.
119,"Then, parse id to book_id as an integer."
120,"But in the time when the seventh angel is about to sound his trumpet, the mystery of God will be fulfilled, as he proclaimed to his servants the prophets""."
121,"But, to redirect the error stream, you can use 2 right angle brackets, or 2 double right angle brackets."
122,Today we can see their names in user id.
123,The Holy Spirit is the Triune Spirit.
124,But we can send 500 people a day with such a large number of names.
125,These classes were to be represented by the various variables of the table of the tabernacle.
126,You are a man of great courage.
127,MARCH: What was that?
128,Run in obedience to the law. We find that you are not worth anything.
129,"In the sub-fields a, Classification number, and so on, type 660.62."
130,Today we see common sins.
131,It improves blood circulation throughout the body.
132,"In any of these multidimensional arrays, what do we call an index sequence test?"
133,And thou shalt make a ring of purple and a ring of black.
134,Error dialog box and shortcut keys.
135,"Let us go and take this away, and now I will add to it a pattern."
136,You must have heard of DDT.
137,Here we find: what to write: permission: everything: removed
138,License Agreement should be read carefully.
139,"It contains the output required to prepare LaTeX's primary documents for Windows, and TeXworks is the most widely available microtuke editor for MikTeX."
140,We can see black graphs without mathematical expression.
141,Let's just say it.
142,The Internet must be close.
143,And the program is about to end.
144,The feet are to be used for the work of the body.
145,Here's a simple line: This is the foundation of your photography.
146,Krishna is setting up the chariot.
147,This is explained in the Spoken Tutorial I have created about creating equations.
148,Spoken Tutorial Project is part of the Talk to a Teacher project.
149,Koha is the owner of the Spoken Tutorial Library.
150,"All the Sanhedrin looked intently at Stephen, and they saw his face as if it were the face of an angel."
151,Go to the browser and open your template set.
152,You may be able to get a copy of your journal's headline.
153,"In addition, these keys are used in other options."
154,More details about this mission are available in this section.
155,"However, Internet Explorer is not used because it does not display content."
156,"In the prompt, enter the date space plus percentage symbol, minus h."
157,We know what the interface is called.
158,"And the name of the least of the creatures that are on the earth, and the smallest of all creatures, shall be called."
159,Turn your fingers backwards.
160,"""Father, glorify your name, and I will glorify it again. "" At that time the voice of the Father said""."
161,"""Some commonly used food-based paper are: platinum, bastard paper, rhinoceros, caltropic paper, caster paper, sea milk paper, lotus paper, paperboard, stereo, and sound soldering paper""."
162,"""In those days men will die, but they will not find it. They will seek to kill their souls, but they will flee from death""."
163,I was worried.
164,Environmental variables and their values are also reflected in the 'hey' of the environment.
165,We have set out from the entrance of the house and someone is sitting there.
166,It has a GUI for apt-get command line assignment.
167,"And he shall set it ten cubits, and his hands shall be in the midst of the two."
168,We found out what was in the Awkdemo.txt package.
169,"Then they said, ""See, they are doing what they want. "" And the second comes to pass, so that the word may be established."
170,People can interpret the meaning of folk dancing
171,So I can do this to the point of being black.
172,"From the HIV genome sequence, at 4587 to 5165 locations, the HIV1gp3 (HIV1GP3) gene is extracted."
173,"Then Jesus said to them plainly, ""Lazarus is dead."
174,For anyone who does evil is exposed to the light and does not come near to it.
175,Now we know how the law can be fulfilled.
176,"Now, OK, and use the dialog box."
177,It's a summary of the Spoken Tutorial project.
178,The price of imported goods in the construction industry has been reduced to 10 sets.
179,Read the scriptures carefully.
180,"Today, what is happening in a house?"
181,Welcome to the Spoken Tutorial on grep command.
182,"Later, in Description, we find two fields called Course Summary and Course Summary files."
183,It was a people's boat.
184,"Including graphics and color packages uses this. To keep this in mind, we make statements to LaTeX."
185,"Today we use cout instead of printf statements, because we use cout to write the function in C++."
186,"The stomach is like a small intestine, and the stomach is like a small intestine."
187,Write down the traditional methods of water purification.
188,"Therefore, I am the one who makes the distinction between the two and the one who makes the accusation."
189,"""It also provides a broad overview of interstellar studies, planetary motions, eclipses, and the calculations of the seasons""."
190,"Therefore, when you do this exercise, your breathing rate should be 30 to 35 breaths per minute."
191,"Spoken Tutorial Project is part of the Talk to a Teacher project, which is supported by the National Literacy Mission through ICT, MHRD, Government of India."
192,"Spoken tutorial"" is a project management tool that uses the lessons of the time to run workshops."
193,"No, but he gives gifts because he says, 'God opposes those who give gifts.'"
194,"You are a man of truth, and you have the strength of courage."
195,Slowly bend your right hand to your right foot.
196,The teacher calls the children.
197,"To cleanse the outer parts of the body, write:"
198,They were furious and seized the apostles. They put them in the lower jails.
199,So I create a new layer and call it white. And then I select white in the layer fill type and I immediately reduce the opacity value so that we can see through the image.
200,"The Spirit, who is in his glory,"
201,Some Indian tribal dances can be described by the following examples:
202,Now use the statements to connect.
203,That is enough.
204,We need to have enough space to play these games.
205,"""Be careful, therefore, how you hear. To everyone who has received what he has will be given back, but who does not receive what he has, even what he has""."
206,We do not use the numerical values of these variables to calculate the value of the money.
207,"Now press the ctrl and z keys twice, and do the same thing."
208,Click on the Selector tool.
209,I am giving you these things.
210,"""As you breathe, your stomach goes out and as you breathe out, your stomach sinks""."
211,We are currently using a data-show method to stamp the names.
212,"At the top of the View menu, select Properties."
213,"Tools and other common uses, text is recorded using maximum resolution."
214,The total cost is 4000 and the actual cost is 0.00 and the calculation is done by the same person.
215,Guidelines for using and setting them
216,Provision field is suitable for this by a Sales Person.
217,"""Where can we get enough bread for this crowd to eat in this desert place? "" they asked."
218,Child: He makes friends with her.
219,There are many different applications for videos.
220,"As it is written in Hosea: ""I will call my own the people who were not mine, and my beloved the people whom I loved""."
221,Ubuntu can be installed from the Ubuntu kernel on KTouch.
222,A: He believes in these things.
223,Grace period: I'm 15 days old for the holiday.
224,"I know your persecution and your pain. Yet you are rich. I know the reproaches of those who call themselves Jews, and yet are not Jews, but are a synagogue of Satan."
225,Lord Krishna: The Gita says that
226,It is a physical exercise in which a person runs at a single pace.
227,You must learn to distinguish between what is right and what is wrong.
228,"""What goes out of the mouth comes out of the heart, but what comes out of the mouth goes into the heart and makes the man's heart dilapidate""."
229,"In the prompt, enter the date space plus percentage sign, by tapping T as large."
230,"""The king called some Brahmins and said, 'My mother's last wish was to offer brahmins to us.'"
231,And all the mountains were deserted.
232,How do you know the songs?
233,"The first is the Settings, Hidden sections, which are hidden sections in the course."
234,They are foolish.
235,The first is General Ledger Account Classes.
236,For he who once was alienated from you has now been reconciled to him through his death in the flesh.
237,But the one who is unfaithful is not.
238,"Greet Tryphena and Phyphosa, who have worked hard in the Lord. Greet my dear Priscilla, who has worked hard in the Lord."
239,"""It is a relaxed, continuous, peaceful exercise""."
240,Human: Human: Action: Nature: Harmony: The effects of natural hours are not negative.
241,"It should not cause any heavy or heavy movement, which can cause pain to the body and the spine."
242,Product of Fa and Two is Ten Point Zero Zero (Product of 5 and 2 is 10.00)
243,"""What is the matter with them? "" he asked."
244,"So we open emacs in the editor, and we find maths.pdf_t."
245,We feel that we are spread out throughout the body.
246,"""You people of Israel, know that the Lord our God is one Lord."
247,"""In the Vedic scriptures, there are many monuments, including the Rigveda, the Yuzurveda, the Amitrai codex, the Gurus, the Gurus, and the Gurus""."
248,Do not look twice to see what is in the folder.
249,Two square handles and two circular or arched handles are to be made in the same shape.
250,"When food is placed on the table, it is called a buffet."
251,"""The apostles and elders, brothers from the Gentiles, who live in Antioch and Syria and Cilicia, send you greetings""."
252,These are the soldiers.
253,"However, for security reasons, it should not be direct access to the web."
254,"""Then Paul called one of the centurions and said,' I have something to say to you. "" He said to him, ""You are not going to do this."
255,"For if I forget what is good, I strive."
256,Google Calendar... and so on and so forth.
257,And all the people went out to pray at the fiery furnace.
258,Then click on Koha Administration.
259,The smell of salt is bad.
260,"For this reason I wrote you, that I might test you and see if you are obedient in all things."
261,A new door is opened.
262,"In addition, a knowledge of terminals, text editors, and synaptic cache managers is also required in Linux."
263,"For example, in a two-dimensional array, an element is identified by two index sequences."
264,They live in a Sanskrit house.
265,The image should be stored in .cml format.
266,Let us see four.
267,Some have to work on building a house in a small space with the necessary tools.
268,It increases your concentration and calms your brain.
269,"In the practice of astrology, use the word na-kara instead of ma-kara."
270,"By faith they conquered kingdoms, exercised righteousness, received what was promised, and shut the mouths of lions."
271,"When the disciples were alone with him, Jesus asked them, ""What do you mean by these parables?"""
272,Add the number Prk 2 to the name.
273,We have opened the terminal.
274,"Now let's try to divide the space, and then tap the Asterisk and remove the slash."
275,"""India is a country united in diversity: India is diverse in languages, geographies, climates, religions and cultures, and in some ways, food is also diverse""."
276,Look at the curves of the earth.
277,The new flood is now being filled with new things.
278,"Then some Jews came from Antioch and Iconium and roused the crowd. They stoned Paul and dragged him out of the city, believing he was dead."
279,"As a result, some of the images are more realistic."
280,This is the basic code for a simple web application.
281,But I can change that by changing the color. I have a shortcut key called X to do that. I'll do a little bit of a bit of a bit of a bit of a bit of a bit of a bit of a bit of a bit of a bit of a bit of a bit of a bit of a bit of a bit of a bit of a bit of a bit of a bit of a bit of a bit of a bit of a bit of a bit of a bit of a bit of a bit of a bit of a bit of a bit of a bit of a bit of
282,But non-static blocks cannot be parameterized.
283,It may begin with the main (main) method.
284,I use Firefox web browser and also active Internet.
285,We see the code's action.
286,"""The seed is sown in the right place, in the right place, in the right place, in the right place, in the right place, in the right place, in the right place, in the right place, in the right place, in the right place, in the right place, in the right place, in the right place, in the right place, in the right place, in the right place, in the right place, in the right place, in the right place, in the right place, in the right place, in the right place, in the right place, in the right place,"
287,"""The owner's servant came and said to him,' Sir, why did you gather so much good seed in your field? Have you not come out here to sow so much?'"
288,The skills of a common hand craftsman
289,"After John was put in prison, Jesus went to Galilee, preaching the good news of God,"
290,Let's see how the code works now. Save and run.
291,"In the menu items, click on the applications, programming and Netbeans IDE icon."
292,"""Then you will be blessed and punished by God at the resurrection of the righteous""."
293,And I will show you the code.
294,Ram is in the midst of Ayodhya.
295,There he found a man named Aeneas who had been lying on a bed with a paralytic for years.
296,Then we iterate by the result set.
297,"Output, dna2 represents the number of allenne in the sequence."
298,"Gimp uses a number of smaller windows, including Windows and Macintosh programs."
299,"Food is for the soul, and the word is for the soul, and the body is nourished by it."
300,We went to the place where the box was placed.
301,"And when the son asks for a stone, he gives it to him; or when the son asks for a serpent, he gives it to him."
302,"Then, with the hands, make a tight fist in the forward direction."
303,Now we know how to strike an object with a stroke or out-line.
304,"Bharat: True: He went to the Lord, the Most High, and prayed earnestly."
305,Scroll down and click Save and display.
306,"Click on Open here. From the context menu, select Events, Action, Action Performed."
307,"When evening came, Jesus was with the Twelve."
308,"Today, cows are still worshiped."
309,"I tell you the truth, all the blood of the prophets that has been shed on the earth since the creation of the world will be found on this generation."
310,"""Who is it that you insult a slave? He will be exalted to his master, or he will be exalted to his master. God is able to exalt him."
311,"In addition, admonish them to do these things."
312,"""The sun, "" the king said"", is one star, ""but where is the night? Do the stars give light?"""
313,Then incrementAvailableCopies is called.
314,"Now, go to 310 CURRENT PUBLICATION FREQUENCY."
315,There are many birds around the lake.
316,"For every man's work is to dig, and every man's work is to flow."
317,Start by looking at both fingers.
318,"""They began to argue about which of them was considered the greatest."
319,"""Keep your hands out of your chains a little, and put your hands up""."
320,The serpent is in the mouths of the fools.
321,"My soul is exhausted, and my departure is at hand."
322,They are stubborn.
323,"""The three respiratory processes of the stomach, esophagus and pancreas are called complete joint respiration""."
324,And so we can see what is around us.
325,Today we are 'welcome.'
326,I am going to the Sanskrit camp to study Sanskrit.
327,Click on the exit menu at this link.
328,"Let's say, for example, that a is a b is a b."
329,We will discuss other options for align and distribute dialog boxes in the following sections.
330,You have brought this product to the world with a+++ modesty.
331,"Until the condition is true, the insider executes the statement, then the increment is made, and the loop is repeated."
332,"Today, it is known that two objects are being created."
333,"Therefore, when you eat, do not drink wine without proper consideration."
334,They added the final keyword to the name variable.
335,"Now that I have all the files in my archive section, I'm going to archive the archive manager and I'm going to GIMP."
336,"This command calculates the number of empty lines, so that every time you see a single empty line, you add x to the number."
337,He taught them all the doctrines of war.
338,We define the present-day showDetails method and then click on: public void showDetails.
339,Add stop to add another color to the other color.
340,"""But when you give a gift, do not let your left hand know what your right hand is doing""."
341,"and having a high priest over the house of God,"
342,"We know that if we combine the variables and the methods, then a member of this class can be."
343,The rich: stealing - protecting from violent means: also protecting.
344,"For example, we're going to put it in a virtual center environment."
345,The sky: (space:)
346,The children listened to the stories.
347,Then he sent Jesus to Herod the tetrarch.
348,"""Go and heal the sick in the towns, and proclaim the kingdom of God to you""."
349,"I am Patel, Arvind H."
350,During the months of October and November: Sohra and Bandana are performed to showcase the richness of animals.
351,I leave the shipping cost blank.
352,We deleted this process request.
353,This is the opening line of the Dakat Kali Quiz.
354,Now we have to pay a larger operator.
355,You are a wall.
356,"Finally, click on the 'Save changes' tab, and then click on the 'Done' tab."
357,The units should not be on the drop-down list. We can change it as needed.
358,"When the log-in is opened, people are left with a large amount of stuff in the blocks."
359,"""They were shocked to see that the place where he was staying was dirty""."
360,Soldiers die on the battlefield.
361,It is very useful in vision correction.
362,There are a thousand kinds of living things on the earth.
363,The drop-down list of the blended mode should not be overridden. There are five options.
364,and do not worry about anything else.
365,"The second reason is that the soil is well watered. If it rains, it will rain less and if it is not, it will rain more."
366,"If the body were a single body, where would the body be?"
367,Return 0; and place the curly bracket on the finished curly.
368,The following categories of animals are divided:
369,"We are to eat and be satisfied by every meal, every day and every feast."
370,"The Spokane Tutorial Project, Talk to a Teacher, is a component of the project."
371,Now in Terminal and click on:
372,"To optimize, click Auto Optimization Tool in the toolbar."
373,These options are not available for flood texts.
374,"Three days later Paul called together the chief of the Jews. When they came, he said to them: ""Brothers, although I did nothing against the customs of our fathers or our nation, I was arrested by the people of Jerusalem and handed over to the Romans""."
375,"In screen mode, colors are first contrasted and then multiplied and divided into complexes."
376,I'm going to use Scale to measure the aspect ratio.
377,Child: He shows them mercy.
378,The devotees of Krishna do not fall down.
379,A lesson plan:
380,"And the Lord said, Behold, the Lord said, The name of Rama is a thousand names."
381,The flesh and the flesh are the first fruits.
382,"In Categories, Java. This is the Chinese word."
383,"""Teacher, "" they said"", this is a picture of the earth. It is a circle""."
384,"""Do not give to the rich to rent, nor give to the rich to rent; for they will repay them, and you will be released""."
385,We see that these kinds of things cause confusion.
386,So we see what happens if n is equal to 0.
387,"For the sake of taste,"
388,To see the 'return' check the Start Date and End Date of the exchange.
389,The whole world is full of energy: in the form of fire: is widespread: is.
390,Now I ask you to draw a picture.
391,Create Table dialog is open here.
392,"Child: Yes, it shows respect."
393,Who are the people around you?
394,But a static method can only change and access static variables.
395,"""Our altar is a place of prayer, a place of wisdom, a place of peace, a place of milk, a place of peace""."
396,Another example is the Apache instance.
397,We see a square handle and a circular handle on top of the image.
398,We now know the difference between instance method and static method.
399,because they were not able to eat and drink because their hearts were troubled.
400,You can also view Created With GIMP and Loop Forever here.
401,"and he was called ""Billahamachari""."
402,He can eat only fruit.
403,The drop down menu is: Click the bookmarks toolbar.
404,This is our headline error studio.h.
405,Mixed
406,You have taken away your land.
407,And there was no more than forty.
408,Halstein is a Freesian - a yellowish-green cow.
409,"But death reigned from Adam until Moses, when he sinned against the nature of the first man's sin. Adam, who is the figure of the man who would come, is also a figure of the man who would come."
410,"But with GIMP, you can control sharpening by doing it yourself. In today's reading, I'll show you how to do this."
411,"The header file ""studio.h"" is called ""iostream""."
412,This is the chariot.
413,The young man was a very good speaker.
414,"James and John, Andrew and Philip,"
415,"Some healthy people shake six times a minute, most often in the middle of the night."
416,And I'm going to tap the ST-CD label on the file and save it.
417,"""We are talking as if we were a race against you, but I am telling you that if anyone is willing to do so, he will do so also to me""."
418,Scroll down to see the details of the course. Enrolled Users should click here.
419,"For God gave them over to lustful passions. Their women committed adultery with their own bodies, and they did not live up to their own standards."
420,"Do not create a main class, but manage a main project."
421,Then add random question to the box.
422,The people worshiped in the temple.
423,"In our training, we use the Global System Preferences set to customize Library OPAC."
424,"Next, let's see what the status bar is doing."
425,"""I declare that you who are circumcised are circumcised, so that through his mercy God may declare his glory to the Gentiles. "" As it is written:"" I will stand before the Gentiles and will sing praises to you, O God""."
426,1. What is the name of nutrition?
427,Yoga is about seeking God everywhere.
428,"If I had not come and spoken to them, they would not have had sin; but now there is no excuse for their sin."
429,The answer to this question is:
430,"From the drop-down, I know Author (A-Z)."
431,Also note: a place to live is needed for work.
432,Endure hardship as a good soldier of Christ Jesus.
433,"While they were in the midst of a plague, he went to them and urged them to come to him. ""Teacher, "" he said"", why are you doing this to your brothers?"""
434,"In your reading,"
435,Now I have a command to give you.
436,"spoken tutorial Project managers, and teachers run workshops and certify graduates."
437,"Function call by value,"
438,The pronounced position is to lie down with your stomach up and face down.
439,You can: open your own business or take on a job in the clothing industry.
440,How much is the script that overrates these tables?
441,The teacher teaches everything.
442,"Not that God's word has failed, for not all who are of Israel are truly Israel."
443,System.out.println(n); then the growth curve is n = n + 1;
444,Who will accuse God's elect? Who will accuse God's elect?
445,"And thou shalt put the top of the box and the top of the box underneath it, and bring it to the place where it was brought."
446,"They crucified him, with him two on his left and two on his right."
447,Q: Did he kill you?
448,"""Simon, "" he said"", behold, Satan has sought you out, even the weaver of thorns."
449,The lanespace is 1.50 to 1.50 to 1.50 to 1.50 to 1.50 to 1.50 to 1.50 to 1.50 to 1.50 to 1.50 to 1.50 to 1.50 to 1.50 to 1.50 to 1.50 to 1.50 to 1.50 to 1.50 to 1.50 to 1.50 to 1.50 to 1.
450,"For out of the inner man, out of his heart, there is immorality, the unclean desires of the flesh."
451,"To open the terminal, the CTRL, ALT and T keys must be turned on."
452,Let's do it.
453,Other codes are provided by our switch.c program.
454,The first tool is called Intelligent Scissors or Scissors Selection Tool.
455,The sick and sick came to him and were healed.
456,Bisham comes to see the river.
457,E267 is the value of the Employee ID and 10000 is the value of the Employee salary.
458,"He looked up and saw the clothes lying there, but he did not go in."
459,You should log out of the database administrative user session now.
460,He learns culture.
461,"In the pages, we read about the different types of seats."
462,"""The seats on the backs of the tables are the opposite seats, the seats on the backs of the tables, the seats on the backs of the heads, the seats on the backs of the heads, the seats on the backs of the heads of the fishermen""."
463,"If you are familiar with HTML and other languages, please contact our network for a related tutorial."
464,The front row of the flower box is to be pressed with the key of else.
465,They are golden.
466,A: All kinds of services: Please provide whatever you need.
467,Remember that our file name is pointer_demo.cpp.
468,"""Be kind and humble, and teach me as I am, and you will find rest for your souls""."
469,We are now on the Teachers' Dashboard.
470,"Now, in the Price before Tax field, I want Price to be 48,000."
471,Note that the servlet is similar to some other Java rooms.
472,"We use this keyword, and the builder's inner voice is used to call each other."
473,I'm adding a grid line to the slider and it's going to disappear soon.
474,My third desire is that I may be given self-discovery.
475,"""For I am going to go out, and bad wolves will enter into you and will take the plough."
476,The logo was used twice to open the ink and the scope.
477,"""I am no longer worthy to be called your son. Make me your servant""."
478,Who was Calydus?
479,"To do this, we pressed the command ""Enter"" into the terminal and we got the result we expected."
480,"Do not destroy the work of God for a meal. Everything is sacred, but nothing is sacred for a man to eat, lest he should be destroyed."
481,I put a lamp in my classroom.
482,"""Lichvi King Bhaskarvarma, the conqueror of the Huns, Yashodharma, Sri Krishnadevaraya: (Great King of the Vijayanagara Empire), Lalitaditya: (A Great Warrior)...""."
483,Metals: The materials are more complex than plastic materials.
484,This is a summary of the Spokane tutorial project.
485,"To reverse this, the code was written and it was called reverse.awk."
486,"He will destroy God's temple and destroy the sinful man, by making himself God and all that we worship."
487,The following six reasons for yoga's destruction are:
488,They were built according to the same instructions given to them by the first church.
489,"When the Jew who was comforting Mary and stayed at home saw her rise early and go out, they followed her, thinking that she was going to the tomb to cry."
490,"A little later another man saw him and said, ""You are one of them too. "" But he said"", No, I am not""."
491,He who is angry brings forth the days of angry demons
492,Useful:
493,"When you are angry or tired, it calms your brain."
494,The story of the play: Appropriate events: Let's write.
495,"""There is an Indian tree: medicinal: tree: indication: given, which: can be planted in your house, which: can be planted in your house, this tree: can be planted in your house, which: can be planted in your house, which: can be planted in your house, which: can be planted in your house, which: can be planted in your house, which: can be planted in your house, which: can be planted in your house, which: can be planted in your house, which: can be planted in your"
496,"else if conditional-expression 2 is true, then perform action 2."
497,Macaran can also be called Crocodile Pose in English.
498,Carbon is doing this to the left.
499,What did Sugiva do to trust in his own strength?
500,A: Your face is glorious.
501,This is what makes us lacking in food.
502,We also have to defend the move (mode).
503,"When it was evening, the Twelve and Jesus' disciples called him to speak to them."
504,Young people play.
505,Look at the results. The index has returned to its original sequence.
506,A small triangle is shown on his left.
507,"In this tutorial, we will learn about:"
508,"Orders must be in one or more positions, and they must be in a different order using white space."
509,"To set up user accounts,"
510,"""Once or more"", he says."
511,The instance variables are also known as static variables.
512,"Peter said to him, ""Explain the parable to us""."
513,"""One God is Vishnu: He is the supreme being, the almighty and indestructible Lord of the universe: He is the one who is the source of all the worlds""."
514,"""Who is such a wise and faithful man as the Lord, who at the right time will give his household food to feed them?"""
515,. . . . . . . . . . . . . . . . . . . . . . . . . . . . . . . . . . . . . . . . . . . . . . . . . . . . . . . . . . . . . . . . . . . . . . . . . . . . . . . . . . . . . . . . . . . . . . . . . . . . . . . . . . . . . . . . . . . . . . . . . . . . . .
516,"The arrow is to be placed at the top or bottom of the category. This is a menu and is followed by the gear and settings icon, which is indicated by the Down Arrow."
517,"""Be honored, "" he replied"", for I will send you far away to the Gentiles""."
518,Let the sky and the sky be clean.
519,"If anyone has a field to trust, let him always have a chance."
520,These have opened the door to oxygen and the growth of many species.
521,The seats are classified as follows:
522,"He called his food ""Good""."
523,"""Jap the mantra in a relaxed state, feel the vibration in the body""."
524,"We also know how to connect these nodes, edit them, and hide them."
525,Krishna solved the problem of pandas.
526,I'm going to put a 1.
527,Krishna places Arjuna's chariot between the armies.
528,It is commonly called isoprene.
529,The young man listened to the story.
530,They laughed.
531,"Go to the toolbar, apply the button."
532,I'm going to look at the flat image right above the level.
533,"Then, using the built-in method called reverse complement of the sequence object, print the reverse complement."
534,"In the same way that equations exist, cells can be created and used in a context."
535,Fill in correct answers is a tool that helps to understand the complexities of the options.
536,"We must learn to do good works, to be self - controlled, so that our people will not be unfruitful."
537,"""But store up treasure in heaven, where neither moth nor rust rust can eat, and where thieves do not break in and steal""."
538,We have a minus c option.
539,A child: He shows love.
540,"For you know first of all that in the last days there will be a scourge of those who follow their own lusts,"
541,"The city does not need the sun or the moon to give it light, for the glory of God gives light on it, and the Lamb is its lamp."
542,It will increase your energy. Breathe: Breathe: Exhale: Breathe: When you breathe: Energy: Pay more attention to the top.
543,"If we don't have any images in the logo, we use the short name as the logo text."
544,"After this, he confused the villages."
545,BAL: These are the things that bring glory.
546,"It was the day of the fast, and the Sabbath."
547,Let us now show you the use of static variables for example.
548,"Bind: The word for ""bond"" means ""to plan or to gather""."
549,It eliminates eye allergies and increases eye brightness and concentration.
550,We defined this as a two-dimensional constructor.
551,Blood pressure is a major contributor to the development of blood pressure and heart disease.
552,"So, click public void showData (), and click the bracket to enter the ID, name, branch, and number of students enrolled."
553,Practice: Set the base on the ground.
554,And she left the royal garment.
555,Now the fields of the second object are initialized.
556,6.5 New: Trees: How do they survive?
557,Why is the Christmas tree necessary?
558,We are going to GreetingServlet.
559,"The water is like a spring, and the sun is setting."
560,We went on to create a database in FrontAccounting.
561,"Now, we're not starting with x. Awk, x is starting with zero."
562,He who calls you is faithful and will do it.
563,Therefore I am making this clear.
564,You know what to wear.
565,I'm going to do a picture of the image as a donkey's brain and I'm going to do an opacity analysis.
566,The customer can also make a deposit through various cells.
567,And the words of the Lord are on him.
568,He is not a soldier.
569,"and forgive us our debts, as we forgive those who trespass against us. And do not let us be tempted, but save us from sin."
570,The string is at the beginning with the back of the string.
571,"To make use of these options, check the checkbox on the back of the sub-contractor."
572,The Spokane Tutorial Team runs workshops using the same lessons and the online test will also give the passers-by a certificate.
573,It is a state of freedom from all thought or peace.
574,There is a program.
575,This is the view from the village of Bethesda.
576,Write down the four points for cleaning the cows.
577,Then he put his hands on their wrists and left the place.
578,"The seed that has been sown is white, and the roots are white."
579,"Data can be created, extracted, modified, and finally"
580,"Keep your feet on the ground, zealously preaching the gospel of peace."
581,There is a std that is a namespace where the entire standard C++ library is declared.
582,See the details here.
583,Peace be with you.
584,These are the letters
585,"The flower has fallen, the flower has fallen."
586,Give thanks to the people who are there.
587,"So, Students can do this in this course."
588,What are you eating?
589,The heavens are full of words.
590,Activity and Choice Add to the list.
591,Then press the Enter Payment button that is present in the window.
592,The table environment is so floated that it should not be added here. It should be added directly.
593,and the converted temperature is visible.
594,They set up a class called Welcome.
595,Attachment is a type of bonding.
596,We know that the layer and the material are suitable.
597,Your phone receives some SMS.
598,"Similarly, we'll use functions in the next input and output module to scan the data set."
599,You can see that the image mirror is the opposite of what it is now. I'm going to reduce the opacity by 50%.
600,Return to your normal state with full breathing.
601,The same old man comes again.
602,You see something else in your interface.
603,Then they zoomed and struck the stars.
604,But with time: the nature of industries will also change.
605,"No milk is like milk, but milk from the goat."
606,The main function is a special one.
607,"However, the date can be edited."
608,He sends a message to all the nations.
609,Then read the following passage:
610,"In the Password text box, enter the password you want."
611,"Immediately, the recording software creates a movie."
612,This is a success.
613,"The text was recorded using the most advanced resolution, which was used to help others with the tools that were used in the text."
614,"I'm doing the same thing, recording it to 800/600, down to 640/480 and that's how it works on Apple TVs and so on."
615,Child: These are the ones that show the water.
616,Shut the hole and shut the hole inside.
617,"It also provides some security and privacy options to combat these malicious networking chips, spyware, viruses, trojans, and other malicious creatures."
618,He is known for his health and immunity and for his invention of medicine.
619,The yield yield is renewed.
620,Alphabet: The origin of all sounds: Shiva's Dhakkat: Go.
621,This woman knows all about it.
622,The king did not accept his offer.
623,"Prior to the launch of the FrontAccounting interface, XAMPP services were launched."
624,This statement prints the address of the variable number.
625,You are sitting down.
626,"""I tell you the truth, the one who believes in me will do the works I do; he will do even greater works than these, because I am going to the Father""."
627,"And if anyone is in the field, he must not go back to get his clothes."
628,The student learned mathematics.
629,The Indian science of chanting verses and chanting is the oldest in the world.
630,I've used Moodle 3.3 and Firefox web browsers. You can use any web browser you're afraid of.
631,Tree: Ground: Its root: Ground that flows under water.
632,"This folder, in your home folder, is saved as ""HIV_geneseq.fasta"". Do not enter."
633,You are a man of integrity.
634,"The present mind is the present mind, the present mind is the present mind."
635,You are worshippers.
636,"""Wisdom, wisdom, study of music and art: a goddess can be shown to be a guinea pig""."
637,Have I set you free by telling the truth?
638,"Now, we're trying to figure out how to run this program in c++."
639,Link to GL Account Classes on the Maintenance panel.
640,"This is how God gave this world his second Son, that everyone who believes in him may have eternal life."
641,"The sound of the reader is: Ubuntu 11.10 operating system,"
642,But I call it the Account balance.
643,Put the Home Folder in the clean-up area.
644,"and the clothes that had been placed on his head and his clothes, placed in a separate place."
645,You should have been taught these things in a library.
646,"You, who according to God's appointed plan had been delivered to him, crucified him and handed him over to the demons."
647,The foolish are jealous
648,Maharishi: Chyavan: Indian: Some Vedic: Rishi Rasi.
649,This was the place where they had all gathered.
650,The following: Test the performance of each step in the growth process.
651,Contact your central coordinator for books and audio.
652,"In the course, we learn how to create groups and send messages and notes to the group."
653,"""The honeycomb, the beehive, the beehive, the beehive, etc. This is the case with insects""."
654,The proper seeds mantra is also chanted with the names of the Sun God.
655,This opens the File Browser window.
656,"We can talk for a minute and a second, and we can answer questions for anyone who wants to know."
657,Show Layer Mask is on top of this.
658,A trick is the practice of focusing on a particular point of view.
659,Droni is used for burning plants in gardens.
660,You can use the terminal and
661,FrontAccounting interface is opened.
662,But it is not the responsibility of the student to the teacher and the student to the employee.
663,In this passage we learn about many different kinds of things.
664,"""Many kinds of tools have been made, but the natural ones are useless."
665,Did we see you a stranger and then go home? Did we see you naked and then take you in?
666,"The first is data, zero-index."
667,Edit in the menu bar and then select Preferences.
668,Make sure you finish the race before you go on to the next race.
669,"I tell you, it will be more bearable for Sodom and Gomorrah on the day of judgment than for that city""."
670,"To save the file, run the program by pressing Ctrl S."
671,"Philip was from Bethsaida, the town of Andrew and Peter."
672,Now we change this to enumerate.
673,"Jesus knew their thoughts and said to them, ""Why do you reason about yourselves?"
674,"""The older man must not be put in charge by the younger man. "" Therefore, ""you are worthy to be king, "" but ""Jasvin "" is the king's favorite, and ""you are the king's true friend""."
675,It helps the breathing process to function normally and helps the breath to function continuously.
676,The water is used in the bath.
677,"In this article, I will discuss the definition and characteristics of Gimp."
678,"Then they laid him on the bed where Jesus was lying, and put him on it."
679,Those who work hard at their ministry are given a great place in the body and a great place in their faith in Christ Jesus.
680,This is the last vertebrae in the brain to go to the end.
681,"Here's your lesson plan: In Mathematics, you should add a new subcategory, like Second Year Maths. You should remove the category Miscellaneous."
682,"Breathe in, and put your body in a basket. Lift your head and lay it on the ground."
683,Make sure that your neck is aligned with your back.
684,The basic necessities alone are sufficient.
685,Return to the terminal.
686,We took the box and put it there.
687,"And as for the common sins, they are also the sins that are perpetrated."
688,"Click on ""Cd space slash user slash bin""."
689,"When they had finished, Jesus asked Simon, ""Simon son of Jonah, do you love me more than these? """" Yes, Lord, "" he replied"". You know that I love you. "" Jesus said to him"", Feed my lambs""."
690,"I go to File, I go to Save As, and I change the extension width from tif (TiF) to jpg (JPG)."
691,Why is hygiene important? Write down four reasons.
692,ii. Skin: The cleaning of the skin is done by .....................
693,I will make you think differently.
694,At about the second hour he went out of the barracks.
695,Child: It shows you that you have faith.
696,I add one to another and then I plant it.
697,The father and mother prayed for Krishna's name.
698,Bend your right leg to your knees and sit on your ankle.
699,"""After looking around, he saw everything happening, and he put his hands on the man's hands, and his hands were healed, just as they were""."
700,"But while he was still speaking, the disciples came to him and urged him, ""Send her away, because she is coming shouting after us""."
701,This is a daily news item that you will find useful.
702,"Here, the person who submitted the book is asked to delete the entry from the checkout table."
703,They like to be greeted in the most important places in the synagogues and the most important places at banquets.
704,"What if we were to be many, including the many who were united in the church, and the many who were united in the church?"
705,She does not want a reward.
706,She brings forth many flowers like this.
707,Mary's place: - The place of punishment
708,"""Not one of them will eat anything""."
709,A: He respects me.
710,Click on the Create a new question button and double-tap the Short Answer option.
711,The atoms are blue.
712,"You see, the earth and its physical environment are changing, and the evolution of life is changing."
713,"We pray for this opportunity, so that we may see what you are saying and find out what your faith is missing."
714,It is also important to provide food in a way that reflects social values.
715,"""I put no new leaf into a new jar, and no more put no new leaf into a new jar""."
716,"Immediately, the download is started. Press the Save File button and press the OK button."
717,"We speak of the secret wisdom of God, which was hidden and which God prepared for our glory before the world began."
718,The message of success is evident.
719,"""And you say,' If we had lived in the days of our forefathers, we would not have shared in the iniquities of the prophets. '"
720,The young man was thrown out.
721,"Some common applications such as Calculator, Text Editor, Terminal, Firefox Web Browser, Videos, and other components of LibreOffice Suite and Home Folders were discovered."
722,You can see that the index.jsp file is displayed in the response.jsp table project window.
723,Spoken Tutorial projects also require workshops and certificates from online exams.
724,What are the substances in the urine?
725,"Here, b is equal to 8 again."
726,"I write this to you, dear friend."
727,Keep on keeping on the schedule.
728,"So, these shells can be used to create a fake water color or to create a frame around an image."
729,Focus on your breathing and breathing.
730,Exercise repeatedly and breathe hard.
731,The children listened to the stories.
732,"Some of these things are good, some bad."
733,The cell's present structure can be called centering.
734,"After they had stayed there for many days, Festus began to explain to the king how Paul was being treated. Then he sent a prisoner to Felix, who was also a prisoner."
735,"""It is made of iron, steel, iron, aluminum, and so on""."
736,Child: They show a little bit of a sense of smell.
737,"When a person comes to him after eating, he is called a ""going over""."
738,The coming of the music of the tongue is a tragedy.
739,Protector: Protector of the Trilogy:
740,For the law of the Spirit that gives life through Christ Jesus has set me free from the law of sin and from the law of death.
741,The paralytic: The paralytic: The paralytic: The paralytic: The paralytic: The paralytic: The paralytic: The paralytic: The paralytic: The paralytic: The paralytic: The paralytic: The paralytic: The paralytic: The paralytic: The paralytic: The paralytic: The paralytic: The paralytic: The paralytic: The paralytic: The paralytic: The paralytic: The paralytic: The paralytic: The
742,I will remove the details because my proxy does not require authentication.
743,The vampire called for war.
744,"""Teacher, "" he said"", I know that this is the way it is. """
745,Enter the admin password and type the Authenticate button.
746,Now I'm going to talk about string declare.
747,"Today, the opacity of arrows is changing."
748,"Today, the Method is used in Maine."
749,Tk: grep space minus i spacewithin double quotes ankit space saraf after the double quotes space grepdemo.txt
750,or we may be caught in our traps.
751,You can look for a zipper with a 30Mb band and click 'Open'.
752,Step 4: Four feet of sand
753,The problem is that we have to implement Animal Interface.
754,"""But if anyone causes one of these little ones who believe in me to sin, it would be better for him to be bound and thrown into the sea."
755,"""So Judas Iscariot knew Perseus, whose son was Hezron""."
756,"And for this, a window like Save File opens, which tells us to fill in the file name."
757,Poets are poets.
758,"Paul replied, ""I am standing before Caesar's court, where I must be tried. You yourself know that I have done nothing wrong to the Jews""."
759,"""The people are gathered together, and their rulers and the world are under their feet. He has saved others. Save yourself, if you are the Christ of God""."
760,They went to the country.
761,The following list contains the following features:
762,We can use other handles to change the size of a star and to orbit it.
763,Course category is set by admin.
764,"Now click ""$ ls space -l space example1"", enter and enter"
765,"Some of the patterns of the fields were visible. They were made of three triangles, drawn on the canvas and painted with a cotton cloth."
766,"Put your fingers and your toes together, and your toes and your toes together."
767,"If anyone tests himself by these things, he will be a worthy part of the Lord's work in every good work, useful and honorable."
768,"For you have been sanctified by the Holy Spirit, and the Spirit is Christ."
769,It creates a declarative region and defends a scope.
770,Benefits and losses of bacteria
771,"In the days of sewing, the sewing machine used to sew clothes."
772,"The branches of the tree are made of gold, and the branches of the tree are made of gold. The branches of the tree are made of gold, and the branches of the tree are made of gold."
773,"Then he said to him, ""I will do whatever you say""."
774,"After this exercise, you can: Completing your image and praising yourself."
775,Now we are at the beginning of a new chapter.
776,We found that the homepage of Glassfish Server is visible.
777,"For more details on the 'haper link addresses', click on the mouse link."
778,"Now that I have found the letter of the law, I have learned a better law."
779,I'm going to use this CD design layer.
780,"They have not loved him, nor have they loved him, because they have borne the burden of death for themselves, because of the blood of the Lamb and because of the testimony of their own."
781,"Keep your head up, keep your head down, keep your head down, keep your head down, keep your head down, keep your head down, keep your head down, keep your head down, keep your head down, keep your head down, keep your head down, keep your head down, keep your head down, keep your head down, keep your head down, keep your head down, keep your head down, keep your head down, keep your head down, keep your head down, keep your head down, keep your head down, keep your head down, keep your head down, keep your head down, keep"
782,Keep your hands and feet on the ground.
783,Now I can see a picture of this scale.
784,"If there is no other option, check the Default for Calculus."
785,11 more were sent to the builder in Rajuim.
786,Now let us go out of the field and put the plow on the ground.
787,Then they read again.
788,The girls are going to play.
789, The age must be a positive integer.
790,"In this case, it should be shown as zero because here the use of: minus:"
791,And the seven angels who had the seven trumpets went out to blow them.
792,I have a good score.
793,Today we know how to use this keyword.
794,I know books.
795,"Based on this text, the Spokane Tutorial Group runs workshops."
796,"When they had received the letter, they sent it to me from Antioch."
797,"For more details, see the link below."
798,"You teach others, but you do not teach yourself. You preach and condemn everything, and you steal from yourself."
799,The General menu has two sliders: Quality and Fog.
800,Please do not question us with questions that are not so confusing or difficult.
801,"And if they fail to stand firm, they will be replanted, because God is able to replant them."
802,Save the top.
803,"Then they let Jason and the others go, taking the money."
804,This helps to create different quizzes for each academic year or for a new one.
805,A: The number is the PID of the existing shell.
806,1. The seat supports the development of the person.
807,"If so, please refresh yourself a little."
808,I wrote a Sanskrit song.
809,The seats for the rocking chair
810,ABC is a syndicated series on XYZ.
811,"This is because if you change any method, you can over-read it."
812,"""The talented, the present, the beloved, the honored, the proud, the proud, and the proud are far away""."
813,Now write the password and log in.
814,"Now, let's look at the URL."
815,"Above the background level, I'll write a copy of the original."
816,"Here, the first layer is the creation of a sequence record object."
817,He received gifts from the gods.
818,Ancient Indians: Dhenivasi: He knew about disease.
819,"It is hard for anyone to lay down his life for a man who does good, but no one will lay down his life for a righteous man."
820,"Again, select Capital option by dropping Account Description in the drop-down box."
821,"If the errorMsgs are not empty, we will display errorMsgs in the addUser."
822,Now save the day.
823,What can we say about our father Abraham? What did he do?
824,"You see, we only use default keywords."
825,"For more details, see the link below"
826,Antialiasing is again from this soft region.
827,"On our page, the tag number 010 is missing."
828,"In the Project window, click RAT at the top of the Sample.java table."
829,"Bank Account is known as ""Reconcile""."
830,Child: He trusts you.
831,"To start with a read-only variable, we use the keyword const."
832,I'm recording this tutorial: I use Ubuntu Linux OS 16.04 and Koha version 16.05.
833,"He does not need to offer sacrifices every day, first for his own sins and then for the sins of the people, as do the high priests. He has done this once for all, by offering himself."
834,"""If Satan drives out Satan, then how can his kingdom stand? If Satan is divided against himself, how can his kingdom stand?"""
835,Click on the receipt page at the top of the page.
836,"""But when he was about to die, one of them ran up and fell down before him. 'Teacher,' he asked, 'what must I do to inherit eternal life?'"
837,"If you have not received any error messages, then the Biopath has been installed."
838,Then go to the tab 245 TITLE STATEMENT:
839,"I do not consider him worthy of suffering, but rather of my life, who willingly endures the work of the Lord Jesus, to bear witness to the gospel of the grace of God""."
840,"We are to be honored and honored as fellow servants of God, who is the Almighty."
841,"Now I have a donkey here, and if the donkey is white, it may be that much white. I will give it to you."
842,"When they saw him and his disciples leaving, many people recognized him and came from the towns of Neapolis to meet him."
843,"Perhaps, logs fail, and so on, do not show orbital details."
844,Do not enter the building using your name.
845,"When you finish the mill, you will have to finish the field of the correctness to show how correct the mill is."
846,"Today, we have laptops."
847,"From the knees to the feet, the body was to be turned to the right and left, the clockwise and the opposite directions of the clockwise spheres."
848,Scroll down and click Save changes.
849,"Medaia: Goddess Ma Saraswati, who gives us mercy and glory, let us rejoice. Come to us."
850,"For this reason, they are strong."
851,But it seems that the matter is not clear. So I am going to change my mind.
852,"For now, the format specifier should be removed."
853,Sarswati is said to be the voice of God.
854,Yogpa: the lord of the yogas.
855,Save. We're going to change the header file to iostream.
856,Child: They are friendly.
857,The code is written in the awk BEGIN section.
858,"In the course page, the Forum name appears as a link in the forum."
859,We'll add another block. Add a block menu to the left.
860,"And then, the unit penalty field is 0.1, so I'm going to 0.5."
861,"The Bible says: ""The whole earth is full of water""."
862,"To add a DNA molecule, you must go to the Build menu and insert DNA/RNA into the submenu."
863,Preference Window (Preference Window) has many tabs (tabs) that you can see.
864,Settings on the Visitor Card
865,Please use these two commands and see for yourself what it is.
866,What do you want to hear music for?
867,The Bible describes the story of Dawn and Lot:
868,"You can put your hands on your head, but you should not touch your head."
869,"Now we have the summary. In this tutorial, we have learned the basics."
870,Do not add any errors to logic or algorithm.
871,The Scriptures testify to this by their own actions.
872,"When they had measured the water, they found that it was a hundred feet high. They went a little further and again measured the water, and found it to be fifty feet high."
873,"You will be like a fig fig fig fig, which is cut down and destroyed."
874,"In the model, there are nano plugins for teachers and SAT administrators."
875,We have successfully run a Java program.
876,"If two integers are equal, one is the sum of the integers."
877,What is a flower?
878,Bharathram - More: This tool is used to digest the tandularan.
879,The Surfaces Settings dialog box opens. Sliding to understand opacity is required.
880,"When all the people saw Jesus, they cried out, ""Please come over to our border""."
881,Fill out the gaps in the Scriptures.
882,We now use the username Bella and her password to log in.
883,He filled the place with wind and breathed on it.
884,"It is based on the URL, port number and domain name given by the sys-ad during the installation process."
885,It's frozen to 90 degrees.
886,Put the home folder on top.
887,But now you who are rich will be satisfied; you who are rich will be satisfied and you who are hungry will be satisfied.
888,You can access the connection node by clicking on the mouse button.
889,Lord Shiva: There is also a name for Natarajo.
890,"""Everyone must take care of food and drink, for every kind of food is for his own souls."
891,"For God did not appoint us for wrath, but for salvation through our Lord Jesus Christ."
892,"""Young men, "" he asked"", what are you thinking?"""
893,The next step: The work of the project: Not to be taken
894,"He appeared in the glory of the world, the light of the world, the beginning of the body."
895,Arjuna is here.
896,May the God of peace be with you all.
897,"Now, you need to run Firefox."
898,"Then, when the Master of the flock comes, you will be crowned with glory."
899,"Now, this is the end of the figure and the idea of a guide. We have come to the end of the document."
900,They sat down and put the food on him.
901,Children will be made to wear new clothes.
902,Earth: The orbit of the earth is completed in 365 days.
903,"The 'Course' is embedded in the same course as the one being taught, namely, Admin, Course creator, Teacher, Manager."
904,"They went a long way to find him, but they could not find him."
905,Food gives our bodies strength.
906,The activity of the joints is very important.
907,The nose is a type of nose that is used to transmit messages to the brain.
908,The soldier is on his way.
909,"So, I know a different color from the background color. What is this?"
910,The Spoken Tutorial Team uses Spoken Tutorials to conduct workshops.
911,"""The purpose of this exercise is to introduce you to three different components of breathing (abdomen, pelvis and diaphragm) and to incorporate them into a complete yoga practice""."
912,This is the end of this passage.
913,"These options, like many other word processor applications, are the same."
914,We have successfully installed XAMPP on all of them.
915,Increase pressure in the eyes.
916,"Everyone who drinks milk is not yet a child of the word of God, and he is not yet a child of the word of God."
917,"So they went and saw everything as it was said, and they prepared the Passover."
918,Mony leaves his family.
919,"Letters in perspective,"
920,"Breathe out and move your left foot forward next to your right foot and then touch your forehead to your knees with your upper body, as in step 2."
921,We're going to the terminal. I'll clean up the mess as soon as possible.
922,"Here, the first field is $1, which is the roll number, which represents the value of $6, multiplied by zero point 3, and $6, which is the value of the six-step."
923,The students watched the play.
924,"To do this, go to the top right corner. Click on spoken tutorial library. Click on Log out from drop-down."
925,I know that when I come again I will worship my God and see the repentance of the sinners who have repented of their sexual immorality and their adulteries.
926,I will leave them empty.
927,Readers: Question: 8.3
928,"(hash) #include, space, opening angle bracket, closing angle bracket."
929,"So, I'm going to Filters >> Enhance >> Sharpen in order."
930,"To stop the auto optimization action, stop this."
931,3. Warahmire:
932,"Spoken is part of the Tutorial Project, Talk to a Teacher."
933,We are informed that the director will give us written permission.
934,Export the file in the eps format and see it.
935,I would like to talk more about the choice of paintbrush and coloring shades.
936,Naikamai: Many Maya: The holder
937,Therefore I boast in Christ Jesus in God.
938,You are a man of sorrows.
939,"In response, the option of 'Birthday' came."
940,"But Jesus said to them, ""A prophet is without honor except in his hometown and in his own home""."
941,"I looked, and there before me was a white horse. His name was Death, and Hades followed him. He was given power over a third of the earth to kill people, including the plague, disease and wild beasts."
942,(iv) The head of the household
943,We started with the cropping of the film. I will show you what we can do with the film.
944,I go to the terminal and empty it.
945,Now we come to Slade and we know what the main problem is.
946,"""Peace and understanding are the fruits of godly devotion""."
947,"Those who manage the church are worthy of double honor, especially those who work hard in the word of God and in teaching."
948,"See that a man is justified by works, not by faith without works."
949,"When Paul had finished all this, he decided to go to Jerusalem by way of Macedonia and Achaia. ""After I have been there, "" he said"", I must also see Rome""."
950,"Output, GC is shown in content percentage."
951,He looked at the bird.
952,Note that all C files are C. C. Dots C) extensions.
953,The speed of sound is the greatest.
954,"So, I click Clone Tool and change the size of the Brush."
955,"He has made known to all the worlds in Christ Jesus, so that the angels and all the authorities in the heavens may receive the wisdom of God's many wonders in the church."
956,"The leaves are small, with a diameter of 6 meters and a height of 10 to 12 meters."
957,"As a result, we see Hello Space World."
958,"In the prompt, enter the date space plus percentage symbol, minus h."
959,"May the Lord have mercy on the family of Barnabas, because he has encouraged me."
960,Browse the path of the folder below.
961,Ubuntu Linux OS is characterized by having many workspaces or desktop topics.
962,"When a new window opens, you can type your user name. I want to use your name as a front page."
963,"And there is a message above, Journal entry has been entered"
964,Look for a picture of a place to stay.
965,"For by him we have become the servants of a new covenant, not of a written covenant, but of the Spirit. The written covenant is dead, but the Spirit is life."
966,The data for Level Fields currently appears to be 2.
967,"It works in Linux, OS X, and Windows."
968,---Add the audio @02:32 from the tutorial nstallation of FrontAccounting on Window OS timing 08:10 to 08:30---
969,The following are five trees: The five trees: The five trees: The five trees: The five trees: The five trees: The five trees: The five trees: The five trees: The five trees: The five trees: The five trees: The five trees: The five trees: The five trees: The five trees: The five trees: The five trees: The five trees: The five trees: The five trees: The five trees: The five trees: The five trees: The five trees: The five trees: The five trees: The five trees: The five trees: The five trees: The five trees:
970,I give you authority to tread on snakes and scorpions and on all kinds of power. Nothing will harm you.
971,"""Fill your breath, fill your breath without any pressure. This breath should be filled normally""."
972,"""Did you not read that a man would leave his father and mother and join himself to his wife? And the two will become one flesh""."
973,"Zechariah asked the angel, ""How can I know this? I am an old man and my wife is also old""."
974,So we're just going to talk about the changes.
975,"If students want to make their own reservations, they can fill out fields in our section."
976,"On the home page, click Cataloging."
977,'while' loop
978,ls The result of the order is that the wc works as an investment for the order
979,"To combine the seal with the ink,"
980,"The rest of them should go to sea, carry their cloaks and whatever they find, and they all should get to the ground."
981,"If all the conditions are false, the last Else branch will be executed."
982,Click on the Start button to press the MMFF94 Force Field.
983,The Creator of all living things
984,"The following lists are: name, religion, or administrative list: lists: lists: date of composition, date of change: and lists:"
985,"The word ""fire"" - touch - is three-fold."
986,"In the field of coordination compounds, we learned about geometric performance and the structure of nanotubes."
987,The heat of the machine prevents this.
988,And the rod was in both eyes.
989,"In Bcc, stlibreoffice@gmail.com and also info@spoken-tutorial.org are listed."
990,"Here, the first field is the roll number and the sixth field students are the stapand."
991,"Blocks in Admin's Dashboard - a tutorial that combines and removes blocks, and so on."
992,"""In many ancient Indian texts, the motto is: Safety, health, purpose: rules: given""."
993,"Among them are those who are Gentile and who are ministers and ambassadors of the faith, to whom you have been called to be Christ."
994,"""Take a deep breath and take it out""."
995,"""Bring me out of the water of the dove, and I will drink of the water of the dove. "" Jesus said to him, ""Go out and drink of the water of sorrow""."
996,"The sick praise the physician, the sick praise the doctor."
997,"""Can anything bad come from Nazareth? "" Nathanael asked"". See this one, "" Philip replied."
998,And I'm going to put it on the top of the box. Here it is.
999,"The resource has edit, hide, duplicate, and delete-only settings, and details of these can be found on the web."
1000,"The body is a little weakened, but the eyes are weak, and the whole body is rested."
